1583247901,0,camera1
1583248206,0,camera1
1583248505,0,camera1
1583248806,0,camera1
1583249106,0,camera1
1583249406,0,camera1
1583249706,0,camera1
1583250006,0,camera1
1583250306,0,camera1
1583250605,0,camera1
1583250906,0,camera1
1583251206,0,camera1
1583251506,0,camera1
1583251806,0,camera1
1583252105,0,camera1
1583252406,0,camera1
1583252706,1,camera1
1583253006,0,camera1
1583253306,1,camera1
1583253606,1,camera1
1583253906,0,camera1
1583254206,0,camera1
1583254506,0,camera1
1583254806,0,camera1
1583255106,0,camera1
1583255406,0,camera1
1583255705,0,camera1
1583256006,0,camera1
1583256306,0,camera1
1583256606,0,camera1
1583256906,0,camera1
1583257206,0,camera1
1583257506,0,camera1
1583257806,0,camera1
1583258106,0,camera1
1583305506,0,camera1
1583305806,0,camera1
1583306106,0,camera1
1583306406,0,camera1
1583306706,0,camera1
1583307006,0,camera1
1583307306,0,camera1
1583307606,0,camera1
1583307905,0,camera1
1583308206,0,camera1
1583308506,0,camera1
1583308806,0,camera1
1583309106,0,camera1
1583309406,0,camera1
1583309706,0,camera1
1583310006,0,camera1
1583310306,0,camera1
1583310606,0,camera1
1583310906,0,camera1
1583311206,0,camera1
1583311506,0,camera1
1583311806,0,camera1
1583312105,0,camera1
1583312417,0,camera1
1583312706,0,camera1
1583313006,0,camera1
1583313305,0,camera1
1583313606,0,camera1
1583313906,0,camera1
1583314206,0,camera1
1583314506,0,camera1
1583314806,0,camera1
1583315106,0,camera1
1583315406,0,camera1
1583315706,0,camera1
1583316006,0,camera1
1583316306,0,camera1
1583316606,0,camera1
1583316905,0,camera1
1583317206,0,camera1
1583317506,0,camera1
1583317806,0,camera1
1583318106,0,camera1
1583318406,0,camera1
1583318706,0,camera1
1583319006,0,camera1
1583319306,0,camera1
1583319606,0,camera1
1583319906,0,camera1
1583320206,0,camera1
1583320506,0,camera1
1583320806,0,camera1
1583321106,0,camera1
1583321405,0,camera1
1583321705,0,camera1
1583322006,0,camera1
1583322306,0,camera1
1583322606,0,camera1
1583322906,0,camera1
1583323206,0,camera1
1583323506,0,camera1
1583323804,0,camera1
1583324106,0,camera1
1583324405,0,camera1
1583324706,0,camera1
1583325006,0,camera1
1583325306,0,camera1
1583325606,0,camera1
1583325905,0,camera1
1583326206,0,camera1
1583326506,0,camera1
1583326806,0,camera1
1583327106,0,camera1
1583327405,0,camera1
1583327706,0,camera1
1583328005,0,camera1
1583328305,0,camera1
1583328606,0,camera1
1583328906,0,camera1
1583329206,0,camera1
1583329506,0,camera1
1583329805,0,camera1
1583330106,0,camera1
1583330406,0,camera1
1583330706,0,camera1
1583331005,0,camera1
1583331306,0,camera1
1583331606,0,camera1
1583331906,0,camera1
1583332206,0,camera1
1583332506,0,camera1
1583332806,0,camera1
1583333106,0,camera1
1583333405,0,camera1
1583333706,0,camera1
1583334005,0,camera1
1583334306,0,camera1
1583334606,0,camera1
1583334906,0,camera1
1583335206,0,camera1
1583335506,0,camera1
1583335806,0,camera1
1583336106,0,camera1
1583336406,0,camera1
1583336706,0,camera1
1583337006,0,camera1
1583337305,0,camera1
1583337606,0,camera1
1583337906,0,camera1
1583338206,0,camera1
1583338504,0,camera1
1583338806,0,camera1
1583339106,0,camera1
1583339405,0,camera1
1583339706,0,camera1
1583340006,0,camera1
1583340304,0,camera1
1583340606,0,camera1
1583340906,0,camera1
1583341206,0,camera1
1583341506,1,camera1
1583341806,1,camera1
1583342106,0,camera1
1583342406,0,camera1
1583342706,0,camera1
1583343005,0,camera1
1583343305,0,camera1
1583343606,0,camera1
1583344206,0,camera1
1583344506,0,camera1
1583391606,0,camera1
1583391906,0,camera1
1583392206,0,camera1
1583392506,0,camera1
1583392806,0,camera1
1583393106,0,camera1
1583393406,0,camera1
1583393706,0,camera1
1583394006,0,camera1
1583394306,0,camera1
1583394606,0,camera1
1583394906,0,camera1
1583395206,0,camera1
1583395505,0,camera1
1583395806,0,camera1
1583396106,0,camera1
1583396405,0,camera1
1583396706,0,camera1
1583397005,0,camera1
1583397306,0,camera1
1583397606,0,camera1
1583397906,0,camera1
1583398206,0,camera1
1583398506,0,camera1
1583398804,0,camera1
1583399106,0,camera1
1583399406,0,camera1
1583399706,0,camera1
1583400005,0,camera1
1583400305,0,camera1
1583400606,0,camera1
1583400906,0,camera1
1583401205,0,camera1
1583401506,0,camera1
1583401806,0,camera1
1583402105,1,camera1
1583402406,0,camera1
1583402705,0,camera1
1583403006,0,camera1
1583403305,0,camera1
1583403606,0,camera1
1583403906,0,camera1
1583404206,0,camera1
1583404506,0,camera1
1583404806,0,camera1
1583405106,0,camera1
1583405406,0,camera1
1583405706,0,camera1
1583406006,0,camera1
1583406306,0,camera1
1583406605,0,camera1
1583406906,0,camera1
1583407206,0,camera1
1583407505,0,camera1
1583407806,0,camera1
1583408106,0,camera1
1583408406,0,camera1
1583408705,0,camera1
1583409005,0,camera1
1583409306,0,camera1
1583409606,0,camera1
1583409906,0,camera1
1583410206,0,camera1
1583410506,0,camera1
1583410806,0,camera1
1583411106,0,camera1
1583411406,0,camera1
1583411706,0,camera1
1583412005,0,camera1
1583412306,0,camera1
1583412606,0,camera1
1583412906,0,camera1
1583413206,0,camera1
1583413506,0,camera1
1583413805,0,camera1
1583414105,0,camera1
1583414406,0,camera1
1583414706,0,camera1
1583415006,0,camera1
1583415306,0,camera1
1583415606,0,camera1
1583415906,0,camera1
1583416206,0,camera1
1583416506,0,camera1
1583416806,0,camera1
1583417105,0,camera1
1583417406,0,camera1
1583417706,0,camera1
1583418006,0,camera1
1583418306,0,camera1
1583418606,0,camera1
1583418905,0,camera1
1583419205,0,camera1
1583419506,0,camera1
1583419805,0,camera1
1583420106,0,camera1
1583420406,0,camera1
1583420705,0,camera1
1583421006,0,camera1
1583421306,0,camera1
1583421605,0,camera1
1583421906,0,camera1
1583422206,0,camera1
1583422506,0,camera1
1583422806,0,camera1
1583423106,0,camera1
1583423406,0,camera1
1583423705,0,camera1
1583424006,0,camera1
1583424305,0,camera1
1583424606,0,camera1
1583424906,1,camera1
1583425206,1,camera1
1583425506,2,camera1
1583425806,0,camera1
1583426106,0,camera1
1583426406,1,camera1
1583426706,1,camera1
1583427006,0,camera1
1583427306,0,camera1
1583427606,0,camera1
1583427906,0,camera1
1583428206,0,camera1
1583428506,0,camera1
1583428806,0,camera1
1583429106,0,camera1
1583429406,0,camera1
1583429706,0,camera1
1583430006,0,camera1
1583430306,0,camera1
1583430606,0,camera1
1583430906,0,camera1
1583478006,0,camera1
1583478306,0,camera1
1583478606,0,camera1
1583478906,0,camera1
1583479206,0,camera1
1583479506,0,camera1
1583479806,0,camera1
1583480106,0,camera1
1583480406,0,camera1
1583480706,0,camera1
1583481006,0,camera1
1583481306,0,camera1
1583481606,0,camera1
1583481906,0,camera1
1583482206,0,camera1
1583482505,0,camera1
1583482806,0,camera1
1583483106,0,camera1
1583483406,0,camera1
1583483706,0,camera1
1583484006,0,camera1
1583484305,0,camera1
1583484605,0,camera1
1583484906,0,camera1
1583485206,0,camera1
1583485506,0,camera1
1583485806,0,camera1
1583486105,0,camera1
1583486406,0,camera1
1583486706,0,camera1
1583487006,0,camera1
1583487306,0,camera1
1583487606,0,camera1
1583487906,0,camera1
1583488206,0,camera1
1583488506,0,camera1
1583488805,0,camera1
1583489106,0,camera1
1583489406,0,camera1
1583489706,0,camera1
1583490006,0,camera1
1583490305,0,camera1
1583490606,0,camera1
1583490906,0,camera1
1583491206,0,camera1
1583491506,0,camera1
1583491806,0,camera1
1583492105,0,camera1
1583492406,0,camera1
1583492706,0,camera1
1583493006,0,camera1
1583493306,0,camera1
1583493606,0,camera1
1583493906,0,camera1
1583494206,0,camera1
1583494506,0,camera1
1583494806,0,camera1
1583495106,0,camera1
1583495406,0,camera1
1583495706,0,camera1
1583496006,0,camera1
1583496306,0,camera1
1583496606,0,camera1
1583496905,0,camera1
1583497206,0,camera1
1583497506,0,camera1
1583497805,0,camera1
1583498106,0,camera1
1583498406,0,camera1
1583498706,0,camera1
1583499005,0,camera1
1583499306,0,camera1
1583499606,0,camera1
1583499906,0,camera1
1583500205,0,camera1
1583500505,0,camera1
1583500806,0,camera1
1583501106,0,camera1
1583501406,0,camera1
1583501706,0,camera1
1583502005,0,camera1
1583502306,0,camera1
1583502606,0,camera1
1583502905,0,camera1
1583503206,0,camera1
1583503505,0,camera1
1583503806,0,camera1
1583504106,0,camera1
1583504406,0,camera1
1583504706,0,camera1
1583505006,0,camera1
1583505306,0,camera1
1583505606,0,camera1
1583505906,0,camera1
1583506205,0,camera1
1583506506,0,camera1
1583506806,0,camera1
1583507106,0,camera1
1583507406,0,camera1
1583507706,0,camera1
1583508005,0,camera1
1583508305,0,camera1
1583508606,0,camera1
1583508906,0,camera1
1583509206,0,camera1
1583509505,0,camera1
1583509806,0,camera1
1583510106,0,camera1
1583510406,0,camera1
1583510706,0,camera1
1583511006,0,camera1
1583511306,0,camera1
1583511606,0,camera1
1583511906,0,camera1
1583512206,0,camera1
1583512506,0,camera1
1583512806,0,camera1
1583513106,0,camera1
1583513406,0,camera1
1583513706,1,camera1
1583514006,0,camera1
1583514306,1,camera1
1583514606,1,camera1
1583514906,0,camera1
1583515206,0,camera1
1583515506,0,camera1
1583515805,0,camera1
1583516106,0,camera1
1583516406,0,camera1
1583516706,0,camera1
1583517006,0,camera1
1583517305,0,camera1
1583737206,0,camera1
1583737505,0,camera1
1583737806,0,camera1
1583738106,0,camera1
1583738406,0,camera1
1583738706,0,camera1
1583739006,0,camera1
1583739306,0,camera1
1583739606,0,camera1
1583739906,0,camera1
1583740206,0,camera1
1583740506,0,camera1
1583740806,0,camera1
1583741106,0,camera1
1583741406,0,camera1
1583741706,0,camera1
1583742006,0,camera1
1583742306,0,camera1
1583742606,0,camera1
1583742906,0,camera1
1583743206,0,camera1
1583743505,0,camera1
1583743805,0,camera1
1583744105,0,camera1
1583744405,0,camera1
1583744706,0,camera1
1583745006,0,camera1
1583745306,0,camera1
1583745605,0,camera1
1583745905,0,camera1
1583746206,0,camera1
1583746506,0,camera1
1583746806,0,camera1
1583747106,0,camera1
1583747406,0,camera1
1583747706,0,camera1
1583748005,0,camera1
1583748306,0,camera1
1583748604,0,camera1
1583748906,0,camera1
1583749206,0,camera1
1583749506,0,camera1
1583749806,0,camera1
1583750106,0,camera1
1583750405,0,camera1
1583750706,0,camera1
1583751006,0,camera1
1583751306,0,camera1
1583751606,0,camera1
1583751906,0,camera1
1583752206,0,camera1
1583752506,0,camera1
1583752806,0,camera1
1583753106,0,camera1
1583753406,0,camera1
1583753705,0,camera1
1583754005,0,camera1
1583754305,0,camera1
1583754606,0,camera1
1583754906,0,camera1
1583755206,0,camera1
1583755506,0,camera1
1583755806,0,camera1
1583756106,0,camera1
1583756406,0,camera1
1583756706,0,camera1
1583757006,0,camera1
1583757305,0,camera1
1583757606,0,camera1
1583757906,0,camera1
1583758206,0,camera1
1583758505,0,camera1
1583758806,0,camera1
1583759105,0,camera1
1583759406,0,camera1
1583759706,0,camera1
1583760005,0,camera1
1583760304,0,camera1
1583760606,0,camera1
1583760906,0,camera1
1583761206,0,camera1
1583761505,0,camera1
1583761806,0,camera1
1583762106,0,camera1
1583762406,0,camera1
1583762705,0,camera1
1583763006,0,camera1
1583763306,0,camera1
1583763606,0,camera1
1583763906,0,camera1
1583764206,0,camera1
1583764506,0,camera1
1583764806,0,camera1
1583765106,0,camera1
1583765406,0,camera1
1583765706,0,camera1
1583766006,0,camera1
1583766306,0,camera1
1583766606,0,camera1
1583766904,0,camera1
1583767206,0,camera1
1583767506,0,camera1
1583767806,0,camera1
1583768106,0,camera1
1583768405,0,camera1
1583768706,0,camera1
1583769006,0,camera1
1583769305,0,camera1
1583769606,0,camera1
1583769906,0,camera1
1583770206,0,camera1
1583770506,0,camera1
1583770806,0,camera1
1583771105,0,camera1
1583771406,0,camera1
1583771706,0,camera1
1583772006,0,camera1
1583772306,0,camera1
1583772606,0,camera1
1583772906,0,camera1
1583773205,1,camera1
1583773506,2,camera1
1583773806,2,camera1
1583774106,0,camera1
1583774406,0,camera1
1583774706,0,camera1
1583775006,0,camera1
1583775306,0,camera1
1583775606,0,camera1
1583775906,0,camera1
1583776206,0,camera1
1583776505,0,camera1
1583823606,0,camera1
1583823905,0,camera1
1583824206,0,camera1
1583824506,0,camera1
1583824806,0,camera1
1583825106,0,camera1
1583825406,0,camera1
1583825706,0,camera1
1583826006,0,camera1
1583826306,0,camera1
1583826606,0,camera1
1583826906,0,camera1
1583827206,0,camera1
1583827506,0,camera1
1583827806,0,camera1
1583828106,0,camera1
1583828406,0,camera1
1583828706,0,camera1
1583829006,0,camera1
1583829306,0,camera1
1583829606,0,camera1
1583829906,0,camera1
1583830204,0,camera1
1583830506,0,camera1
1583830805,0,camera1
1583831106,0,camera1
1583831406,0,camera1
1583831705,0,camera1
1583832005,0,camera1
1583832306,0,camera1
1583832606,0,camera1
1583832906,0,camera1
1583833205,0,camera1
1583833506,0,camera1
1583833806,0,camera1
1583834106,0,camera1
1583834406,0,camera1
1583834706,0,camera1
1583835006,0,camera1
1583835306,0,camera1
1583835605,0,camera1
1583835906,0,camera1
1583836206,0,camera1
1583836506,0,camera1
1583836806,0,camera1
1583837106,0,camera1
1583837406,0,camera1
1583837705,0,camera1
1583838006,0,camera1
1583838306,0,camera1
1583838606,0,camera1
1583838906,0,camera1
1583839205,0,camera1
1583839505,0,camera1
1583839806,0,camera1
1583840106,0,camera1
1583840405,0,camera1
1583840706,0,camera1
1583841005,0,camera1
1583841306,0,camera1
1583841606,0,camera1
1583841906,0,camera1
1583842206,0,camera1
1583842506,0,camera1
1583842806,0,camera1
1583843106,0,camera1
1583843406,0,camera1
1583843705,0,camera1
1583844006,0,camera1
1583844306,0,camera1
1583844606,0,camera1
1583844906,0,camera1
1583845206,0,camera1
1583845506,0,camera1
1583845805,0,camera1
1583846106,0,camera1
1583846405,0,camera1
1583846706,0,camera1
1583847006,0,camera1
1583847305,0,camera1
1583847606,0,camera1
1583847906,0,camera1
1583848206,0,camera1
1583848506,0,camera1
1583848806,0,camera1
1583849106,0,camera1
1583849406,0,camera1
1583849706,0,camera1
1583850005,0,camera1
1583850306,0,camera1
1583850606,0,camera1
1583850905,0,camera1
1583851206,0,camera1
1583851506,0,camera1
1583851806,0,camera1
1583852106,0,camera1
1583852406,0,camera1
1583852706,0,camera1
1583853004,0,camera1
1583853306,0,camera1
1583853605,0,camera1
1583853906,0,camera1
1583854206,0,camera1
1583854506,0,camera1
1583854806,0,camera1
1583855106,0,camera1
1583855406,0,camera1
1583855706,0,camera1
1583856006,0,camera1
1583856306,0,camera1
1583856606,0,camera1
1583856906,0,camera1
1583857206,0,camera1
1583857505,0,camera1
1583857806,0,camera1
1583858105,0,camera1
1583858405,0,camera1
1583858706,0,camera1
1583859006,0,camera1
1583859305,0,camera1
1583859605,0,camera1
1583859905,1,camera1
1583860205,0,camera1
1583860505,0,camera1
1583860805,0,camera1
1583861105,0,camera1
1583861405,0,camera1
1583861706,0,camera1
1583862006,0,camera1
1583862306,0,camera1
1583862606,0,camera1
1583862906,0,camera1
1583910006,0,camera1
1583910306,0,camera1
1583910606,0,camera1
1583910906,0,camera1
1583911206,0,camera1
1583911505,0,camera1
1583911805,0,camera1
1583912106,0,camera1
1583912406,0,camera1
1583912706,0,camera1
1583913006,0,camera1
1583913306,0,camera1
1583913606,0,camera1
1583913906,0,camera1
1583914205,0,camera1
1583914506,0,camera1
1583914806,0,camera1
1583915106,0,camera1
1583915406,0,camera1
1583915706,0,camera1
1583916005,0,camera1
1583916304,0,camera1
1583916605,0,camera1
1583916906,0,camera1
1583917205,0,camera1
1583917505,0,camera1
1583917806,0,camera1
1583918104,0,camera1
1583918405,0,camera1
1583918706,0,camera1
1583919005,0,camera1
1583919304,0,camera1
1583919604,0,camera1
1583919905,0,camera1
1583920205,0,camera1
1583920505,0,camera1
1583920805,0,camera1
1583921105,0,camera1
1583921405,0,camera1
1583921706,0,camera1
1583922005,0,camera1
1583922305,0,camera1
1583922606,0,camera1
1583922905,0,camera1
1583923204,0,camera1
1583923505,0,camera1
1583923805,0,camera1
1583924105,0,camera1
1583924405,0,camera1
1583924706,0,camera1
1583925005,0,camera1
1583925305,0,camera1
1583925604,0,camera1
1583925905,0,camera1
1583926205,0,camera1
1583926505,0,camera1
1583926805,0,camera1
1583927105,0,camera1
1583927405,0,camera1
1583927705,0,camera1
1583928005,0,camera1
1583928306,0,camera1
1583928605,0,camera1
1583928906,0,camera1
1583929205,0,camera1
1583929505,0,camera1
1583929805,0,camera1
1583930105,0,camera1
1583930404,0,camera1
1583930705,0,camera1
1583931005,0,camera1
1583931305,0,camera1
1583931605,0,camera1
1583931904,0,camera1
1583932206,0,camera1
1583932504,0,camera1
1583932804,0,camera1
1583933105,0,camera1
1583933405,0,camera1
1583933705,0,camera1
1583934005,0,camera1
1583934304,0,camera1
1583934605,0,camera1
1583934905,0,camera1
1583935205,0,camera1
1583935505,0,camera1
1583935806,0,camera1
1583936105,0,camera1
1583936404,0,camera1
1583936705,0,camera1
1583937005,0,camera1
1583937305,0,camera1
1583937605,0,camera1
1583937906,0,camera1
1583938205,0,camera1
1583938506,0,camera1
1583938805,0,camera1
1583939105,0,camera1
1583939406,0,camera1
1583939704,0,camera1
1583940006,0,camera1
1583940305,0,camera1
1583940604,0,camera1
1583940905,0,camera1
1583941205,0,camera1
1583941505,0,camera1
1583941805,0,camera1
1583942105,0,camera1
1583942405,0,camera1
1583942705,0,camera1
1583943006,0,camera1
1583943306,0,camera1
1583943606,0,camera1
1583943905,0,camera1
1583944206,0,camera1
1583944505,0,camera1
1583944805,0,camera1
1583945105,0,camera1
1583945406,0,camera1
1583945706,0,camera1
1583946006,0,camera1
1583946305,0,camera1
1583946605,1,camera1
1583946905,1,camera1
1583947205,1,camera1
1583947505,0,camera1
1583947805,0,camera1
1583948105,0,camera1
1583948405,0,camera1
1583948705,0,camera1
1583949005,0,camera1
1583949305,0,camera1
1583996406,0,camera1
1583996705,0,camera1
1583997005,0,camera1
1583997306,0,camera1
1583997606,0,camera1
1583997905,0,camera1
1583998206,0,camera1
1583998506,0,camera1
1583998806,0,camera1
1583999106,0,camera1
1583999405,0,camera1
1583999706,0,camera1
1584000006,0,camera1
1584000306,0,camera1
1584000606,0,camera1
1584000906,0,camera1
1584001206,0,camera1
1584001506,0,camera1
1584001806,0,camera1
1584002106,0,camera1
1584002406,0,camera1
1584002706,0,camera1
1584003006,0,camera1
1584003305,0,camera1
1584003607,0,camera1
1584003906,0,camera1
1584004206,0,camera1
1584004506,0,camera1
1584004806,0,camera1
1584005106,0,camera1
1584005406,0,camera1
1584005705,0,camera1
1584006006,0,camera1
1584006306,0,camera1
1584006606,0,camera1
1584006906,0,camera1
1584007206,1,camera1
1584007506,0,camera1
1584007806,0,camera1
1584008106,0,camera1
1584008406,0,camera1
1584008705,0,camera1
1584009006,0,camera1
1584009306,0,camera1
1584009606,0,camera1
1584009906,0,camera1
1584010206,0,camera1
1584010506,0,camera1
1584010806,0,camera1
1584011105,0,camera1
1584011405,0,camera1
1584011706,0,camera1
1584012006,0,camera1
1584012306,0,camera1
1584012606,0,camera1
1584012906,0,camera1
1584013206,0,camera1
1584013505,0,camera1
1584013806,0,camera1
1584014105,0,camera1
1584014406,0,camera1
1584014705,0,camera1
1584015006,0,camera1
1584015306,0,camera1
1584015605,0,camera1
1584016206,0,camera1
1584016506,0,camera1
1584016806,0,camera1
1584017106,0,camera1
1584017406,0,camera1
1584017706,0,camera1
1584018006,0,camera1
1584018306,0,camera1
1584018606,0,camera1
1584018906,0,camera1
1584019206,0,camera1
1584019506,0,camera1
1584019805,0,camera1
1584020106,0,camera1
1584020406,0,camera1
1584020706,0,camera1
1584021006,0,camera1
1584021306,0,camera1
1584021606,0,camera1
1584021906,0,camera1
1584022206,0,camera1
1584022506,0,camera1
1584022806,0,camera1
1584023106,0,camera1
1584023406,0,camera1
1584023706,0,camera1
1584024006,0,camera1
1584024306,0,camera1
1584024605,0,camera1
1584024906,0,camera1
1584025206,0,camera1
1584025506,0,camera1
1584025805,0,camera1
1584026106,0,camera1
1584026406,0,camera1
1584026706,0,camera1
1584027005,0,camera1
1584027306,0,camera1
1584027604,0,camera1
1584027906,0,camera1
1584028206,0,camera1
1584028505,0,camera1
1584028804,0,camera1
1584029106,0,camera1
1584029406,0,camera1
1584029705,0,camera1
1584030006,0,camera1
1584030306,0,camera1
1584030606,0,camera1
1584030906,0,camera1
1584031206,0,camera1
1584031505,0,camera1
1584031806,0,camera1
1584032106,0,camera1
1584032406,0,camera1
1584032706,0,camera1
1584033006,0,camera1
1584033306,2,camera1
1584033606,0,camera1
1584033906,0,camera1
1584034206,0,camera1
1584034506,0,camera1
1584034806,0,camera1
1584035106,0,camera1
1584035406,0,camera1
1584035706,0,camera1
1584082806,0,camera1
1584083106,0,camera1
1584083406,0,camera1
1584083706,0,camera1
1584084006,0,camera1
1584084305,0,camera1
1584084606,0,camera1
1584084906,0,camera1
1584085205,0,camera1
1584085506,0,camera1
1584085806,0,camera1
1584086106,0,camera1
1584086406,0,camera1
1584086706,0,camera1
1584087006,0,camera1
1584087306,0,camera1
1584087606,0,camera1
1584087906,0,camera1
1584088206,0,camera1
1584088506,0,camera1
1584088806,0,camera1
1584089106,0,camera1
1584089406,0,camera1
1584089706,0,camera1
1584090006,0,camera1
1584090306,0,camera1
1584090606,0,camera1
1584090906,0,camera1
1584091206,0,camera1
1584091506,0,camera1
1584091805,0,camera1
1584092106,0,camera1
1584092406,0,camera1
1584092706,0,camera1
1584093006,0,camera1
1584093304,0,camera1
1584093606,0,camera1
1584093906,0,camera1
1584094206,0,camera1
1584094505,0,camera1
1584094805,0,camera1
1584095105,0,camera1
1584095406,0,camera1
1584095706,0,camera1
1584096006,0,camera1
1584096306,0,camera1
1584096606,0,camera1
1584096906,0,camera1
1584097206,0,camera1
1584097506,0,camera1
1584097806,0,camera1
1584098106,0,camera1
1584098406,0,camera1
1584098706,0,camera1
1584099006,0,camera1
1584099306,0,camera1
1584099606,0,camera1
1584099906,0,camera1
1584100206,0,camera1
1584100506,0,camera1
1584100805,0,camera1
1584101104,0,camera1
1584101406,0,camera1
1584101706,0,camera1
1584102006,0,camera1
1584102306,0,camera1
1584102606,0,camera1
1584102906,0,camera1
1584103205,0,camera1
1584103506,0,camera1
1584103806,0,camera1
1584104106,0,camera1
1584104406,0,camera1
1584104705,0,camera1
1584105006,0,camera1
1584105306,0,camera1
1584105606,0,camera1
1584105906,0,camera1
1584106206,0,camera1
1584106506,0,camera1
1584106806,0,camera1
1584107105,0,camera1
1584107406,0,camera1
1584107705,0,camera1
1584108006,0,camera1
1584108306,0,camera1
1584108606,0,camera1
1584108906,0,camera1
1584109205,0,camera1
1584109505,0,camera1
1584109806,0,camera1
1584110106,0,camera1
1584110406,0,camera1
1584110706,0,camera1
1584111005,0,camera1
1584111306,0,camera1
1584111606,0,camera1
1584111906,0,camera1
1584112206,0,camera1
1584112506,0,camera1
1584112805,0,camera1
1584113106,0,camera1
1584113406,0,camera1
1584113705,0,camera1
1584114006,0,camera1
1584114306,0,camera1
1584114606,0,camera1
1584114906,0,camera1
1584115206,0,camera1
1584115506,0,camera1
1584115806,0,camera1
1584116106,0,camera1
1584116406,0,camera1
1584116706,0,camera1
1584117006,0,camera1
1584117306,0,camera1
1584117605,0,camera1
1584117906,0,camera1
1584118206,0,camera1
1584118506,0,camera1
1584118806,0,camera1
1584119106,0,camera1
1584119406,1,camera1
1584119706,0,camera1
1584120006,0,camera1
1584120306,0,camera1
1584120606,0,camera1
1584120906,0,camera1
1584121206,0,camera1
1584121506,0,camera1
1584121805,0,camera1
1584122106,0,camera1
1584342006,0,camera1
1584342306,0,camera1
1584342606,0,camera1
1584342906,0,camera1
1584343206,0,camera1
1584343506,0,camera1
1584343805,0,camera1
1584344106,0,camera1
1584344406,0,camera1
1584344706,0,camera1
1584345006,0,camera1
1584345306,0,camera1
1584345606,0,camera1
1584345906,0,camera1
1584346206,0,camera1
1584346506,0,camera1
1584346805,0,camera1
1584347106,0,camera1
1584347406,0,camera1
1584347706,0,camera1
1584348005,0,camera1
1584348306,0,camera1
1584348606,0,camera1
1584348906,0,camera1
1584349207,0,camera1
1584349506,0,camera1
1584349806,0,camera1
1584350106,0,camera1
1584350406,0,camera1
1584350706,0,camera1
1584351006,0,camera1
1584351306,0,camera1
1584351606,0,camera1
1584351906,0,camera1
1584352206,0,camera1
1584352506,0,camera1
1584352805,0,camera1
1584353106,0,camera1
1584353406,0,camera1
1584353706,0,camera1
1584354006,0,camera1
1584354306,0,camera1
1584354606,0,camera1
1584354906,0,camera1
1584355206,0,camera1
1584355506,0,camera1
1584355805,0,camera1
1584356106,0,camera1
1584356406,0,camera1
1584356706,0,camera1
1584357006,0,camera1
1584357306,0,camera1
1584357606,0,camera1
1584357906,0,camera1
1584358206,0,camera1
1584358505,0,camera1
1584358806,0,camera1
1584359106,0,camera1
1584359405,0,camera1
1584359706,0,camera1
1584360006,0,camera1
1584360306,0,camera1
1584360606,0,camera1
1584360905,0,camera1
1584361206,0,camera1
1584361506,0,camera1
1584361806,0,camera1
1584362106,0,camera1
1584362405,0,camera1
1584362706,0,camera1
1584363006,0,camera1
1584363306,0,camera1
1584363606,0,camera1
1584363906,0,camera1
1584364206,0,camera1
1584364506,0,camera1
1584364806,0,camera1
1584365106,0,camera1
1584365406,0,camera1
1584365706,0,camera1
1584366005,0,camera1
1584366306,0,camera1
1584366606,0,camera1
1584366905,0,camera1
1584367204,0,camera1
1584367506,0,camera1
1584367806,0,camera1
1584368105,0,camera1
1584368406,0,camera1
1584368706,0,camera1
1584369006,0,camera1
1584369304,0,camera1
1584369606,0,camera1
1584369906,0,camera1
1584370206,0,camera1
1584370506,0,camera1
1584370806,0,camera1
1584371106,0,camera1
1584371406,0,camera1
1584371706,0,camera1
1584372006,0,camera1
1584372306,0,camera1
1584372606,0,camera1
1584372906,0,camera1
1584373206,0,camera1
1584373506,0,camera1
1584373806,0,camera1
1584374106,0,camera1
1584374406,0,camera1
1584374706,0,camera1
1584375006,0,camera1
1584375306,0,camera1
1584375605,0,camera1
1584375905,0,camera1
1584376206,0,camera1
1584376506,0,camera1
1584376806,0,camera1
1584377106,0,camera1
1584377406,0,camera1
1584377705,0,camera1
1584378006,0,camera1
1584378306,0,camera1
1584378606,0,camera1
1584378906,0,camera1
1584379206,1,camera1
1584379506,1,camera1
1584379806,0,camera1
1584380106,0,camera1
1584380405,0,camera1
1584380706,0,camera1
1584381006,0,camera1
1584381306,0,camera1
1584428406,0,camera1
1584428706,0,camera1
1584429006,0,camera1
1584429306,0,camera1
1584429606,0,camera1
1584429906,0,camera1
1584430206,0,camera1
1584430505,0,camera1
1584430806,0,camera1
1584431104,0,camera1
1584431809,0,camera1
1584431811,0,camera1
1584432006,0,camera1
1584432305,0,camera1
1584432606,0,camera1
1584432906,0,camera1
1584433205,0,camera1
1584433506,0,camera1
1584433806,0,camera1
1584434106,0,camera1
1584434406,0,camera1
1584434705,0,camera1
1584435006,0,camera1
1584435306,0,camera1
1584435606,0,camera1
1584435906,0,camera1
1584436206,0,camera1
1584436506,0,camera1
1584436806,0,camera1
1584437106,0,camera1
1584437406,0,camera1
1584437706,0,camera1
1584438006,0,camera1
1584438306,0,camera1
1584438606,0,camera1
1584438906,0,camera1
1584439206,0,camera1
1584439505,0,camera1
1584439806,0,camera1
1584440106,0,camera1
1584440406,0,camera1
1584440706,0,camera1
1584441006,0,camera1
1584441306,0,camera1
1584441606,0,camera1
1584441906,0,camera1
1584442206,0,camera1
1584442506,0,camera1
1584442805,0,camera1
1584443106,0,camera1
1584443406,0,camera1
1584443705,0,camera1
1584444006,0,camera1
1584444306,0,camera1
1584444606,0,camera1
1584444906,0,camera1
1584445206,0,camera1
1584445506,0,camera1
1584445806,0,camera1
1584446106,0,camera1
1584446406,0,camera1
1584446706,0,camera1
1584447006,0,camera1
1584447306,0,camera1
1584447606,0,camera1
1584447906,0,camera1
1584448206,0,camera1
1584448506,0,camera1
1584448806,0,camera1
1584449106,0,camera1
1584449405,0,camera1
1584449705,0,camera1
1584450005,0,camera1
1584450306,0,camera1
1584450606,0,camera1
1584450906,0,camera1
1584451206,0,camera1
1584451506,0,camera1
1584451806,0,camera1
1584452106,0,camera1
1584452406,0,camera1
1584452706,0,camera1
1584453006,0,camera1
1584453306,0,camera1
1584453606,0,camera1
1584453906,0,camera1
1584454206,0,camera1
1584454506,0,camera1
1584454806,0,camera1
1584455106,0,camera1
1584455405,0,camera1
1584455705,0,camera1
1584456006,0,camera1
1584456306,0,camera1
1584456606,0,camera1
1584456905,0,camera1
1584457206,0,camera1
1584457505,0,camera1
1584457806,0,camera1
1584458105,0,camera1
1584458406,0,camera1
1584458705,0,camera1
1584459006,0,camera1
1584459306,0,camera1
1584459606,0,camera1
1584459905,0,camera1
1584460206,0,camera1
1584460506,0,camera1
1584460806,0,camera1
1584461106,0,camera1
1584461406,0,camera1
1584461706,0,camera1
1584462006,0,camera1
1584462305,0,camera1
1584462606,0,camera1
1584462905,0,camera1
1584463206,0,camera1
1584463506,0,camera1
1584463806,0,camera1
1584464106,0,camera1
1584464406,0,camera1
1584464706,0,camera1
1584465006,0,camera1
1584465306,0,camera1
1584465606,1,camera1
1584465906,0,camera1
1584466206,1,camera1
1584466506,0,camera1
1584466806,0,camera1
1584467106,0,camera1
1584467406,0,camera1
1584467706,0,camera1
1584514806,0,camera1
1584515106,0,camera1
1584515405,0,camera1
1584515706,0,camera1
1584516006,0,camera1
1584516306,0,camera1
1584516606,0,camera1
1584516906,0,camera1
1584517206,0,camera1
1584517506,0,camera1
1584517806,0,camera1
1584518106,0,camera1
1584518405,0,camera1
1584518706,0,camera1
1584519006,0,camera1
1584519306,0,camera1
1584519606,0,camera1
1584519906,0,camera1
1584520205,0,camera1
1584520506,0,camera1
1584520806,0,camera1
1584521106,0,camera1
1584521406,0,camera1
1584521706,0,camera1
1584522006,0,camera1
1584522306,0,camera1
1584522606,0,camera1
1584522906,0,camera1
1584523206,0,camera1
1584523506,0,camera1
1584523806,0,camera1
1584524106,0,camera1
1584524406,0,camera1
1584524705,0,camera1
1584525006,0,camera1
1584525306,0,camera1
1584525606,0,camera1
1584525905,0,camera1
1584526206,0,camera1
1584526506,0,camera1
1584526806,0,camera1
1584527106,0,camera1
1584527406,0,camera1
1584527706,0,camera1
1584528006,0,camera1
1584528306,0,camera1
1584528605,0,camera1
1584528906,0,camera1
1584529206,0,camera1
1584529506,0,camera1
1584529806,0,camera1
1584530105,0,camera1
1584530406,0,camera1
1584530705,0,camera1
1584531006,0,camera1
1584531305,0,camera1
1584531606,0,camera1
1584531906,0,camera1
1584532206,0,camera1
1584532506,0,camera1
1584532805,0,camera1
1584533106,0,camera1
1584533406,0,camera1
1584533706,0,camera1
1584534006,0,camera1
1584534305,0,camera1
1584534606,0,camera1
1584534904,0,camera1
1584535206,0,camera1
1584535505,0,camera1
1584535806,0,camera1
1584536106,0,camera1
1584536405,0,camera1
1584536706,0,camera1
1584537005,0,camera1
1584537306,0,camera1
1584537606,0,camera1
1584537906,0,camera1
1584538206,0,camera1
1584538506,0,camera1
1584538805,0,camera1
1584539106,0,camera1
1584539405,0,camera1
1584539705,0,camera1
1584540006,0,camera1
1584540306,0,camera1
1584540606,0,camera1
1584540906,0,camera1
1584541206,0,camera1
1584541506,0,camera1
1584541806,0,camera1
1584542105,0,camera1
1584542406,0,camera1
1584542706,0,camera1
1584543006,0,camera1
1584543306,0,camera1
1584543606,0,camera1
1584543906,0,camera1
1584544206,0,camera1
1584544506,0,camera1
1584544805,0,camera1
1584545106,0,camera1
1584545406,0,camera1
1584545706,0,camera1
1584546006,0,camera1
1584546306,0,camera1
1584546606,0,camera1
1584546904,0,camera1
1584547205,0,camera1
1584547505,0,camera1
1584547806,0,camera1
1584548105,0,camera1
1584548405,0,camera1
1584548706,0,camera1
1584549005,0,camera1
1584549306,0,camera1
1584549606,0,camera1
1584549906,0,camera1
1584550206,0,camera1
1584550506,0,camera1
1584550806,0,camera1
1584551106,0,camera1
1584551406,1,camera1
1584551706,0,camera1
1584552006,1,camera1
1584552306,0,camera1
1584552605,0,camera1
1584552906,0,camera1
1584553205,0,camera1
1584553506,0,camera1
1584553806,0,camera1
1584554106,0,camera1
1584601206,0,camera1
1584601506,0,camera1
1584601806,0,camera1
1584602106,0,camera1
1584602406,0,camera1
1584602705,0,camera1
1584603006,0,camera1
1584603305,0,camera1
1584603606,0,camera1
1584603906,0,camera1
1584604206,0,camera1
1584604506,0,camera1
1584604806,0,camera1
1584605106,0,camera1
1584605405,0,camera1
1584605706,0,camera1
1584606006,0,camera1
1584606306,0,camera1
1584606606,0,camera1
1584606906,0,camera1
1584607206,0,camera1
1584607506,0,camera1
1584607805,0,camera1
1584608106,0,camera1
1584608405,0,camera1
1584608706,0,camera1
1584609006,0,camera1
1584609306,0,camera1
1584609606,0,camera1
1584609906,0,camera1
1584610206,0,camera1
1584610506,0,camera1
1584610806,0,camera1
1584611106,0,camera1
1584611406,0,camera1
1584611706,0,camera1
1584612006,0,camera1
1584612306,0,camera1
1584612606,0,camera1
1584612906,0,camera1
1584613206,0,camera1
1584613506,0,camera1
1584613806,0,camera1
1584614106,0,camera1
1584614406,0,camera1
1584614706,0,camera1
1584615005,0,camera1
1584615306,0,camera1
1584615606,0,camera1
1584615906,0,camera1
1584616206,0,camera1
1584616506,0,camera1
1584616805,0,camera1
1584617105,0,camera1
1584617406,0,camera1
1584617706,0,camera1
1584618005,0,camera1
1584618306,0,camera1
1584618606,0,camera1
1584618906,0,camera1
1584619205,0,camera1
1584619506,0,camera1
1584619806,0,camera1
1584620105,0,camera1
1584620406,0,camera1
1584620705,0,camera1
1584621006,0,camera1
1584621306,0,camera1
1584621605,0,camera1
1584621906,0,camera1
1584622206,0,camera1
1584622505,0,camera1
1584622805,0,camera1
1584623106,0,camera1
1584623406,0,camera1
1584623704,0,camera1
1584624006,0,camera1
1584624306,0,camera1
1584624605,0,camera1
1584624906,0,camera1
1584625206,0,camera1
1584625505,0,camera1
1584625806,0,camera1
1584626106,0,camera1
1584626406,0,camera1
1584626706,0,camera1
1584627006,0,camera1
1584627306,0,camera1
1584627605,0,camera1
1584627906,0,camera1
1584628206,0,camera1
1584628506,0,camera1
1584628806,0,camera1
1584629106,0,camera1
1584629406,0,camera1
1584629706,0,camera1
1584630005,0,camera1
1584630306,0,camera1
1584630605,0,camera1
1584630906,0,camera1
1584631205,0,camera1
1584631506,0,camera1
1584631806,0,camera1
1584632106,0,camera1
1584632406,0,camera1
1584632705,0,camera1
1584633005,0,camera1
1584633306,0,camera1
1584633606,0,camera1
1584633906,0,camera1
1584634205,0,camera1
1584634505,0,camera1
1584634805,0,camera1
1584635106,0,camera1
1584635405,0,camera1
1584635706,0,camera1
1584636006,0,camera1
1584636305,0,camera1
1584636605,0,camera1
1584636906,0,camera1
1584637206,0,camera1
1584637506,0,camera1
1584637806,0,camera1
1584638105,1,camera1
1584638406,1,camera1
1584638706,0,camera1
1584639006,0,camera1
1584639305,0,camera1
1584639606,0,camera1
1584639906,0,camera1
1584640205,0,camera1
1584640506,0,camera1
1584687606,0,camera1
1584687906,0,camera1
1584688206,0,camera1
1584688506,0,camera1
1584688806,0,camera1
1584689105,0,camera1
1584689406,0,camera1
1584689705,0,camera1
1584690006,0,camera1
1584690306,0,camera1
1584690606,0,camera1
1584690906,0,camera1
1584691206,0,camera1
1584691505,0,camera1
1584691806,0,camera1
1584692106,0,camera1
1584692406,0,camera1
1584692706,0,camera1
1584693006,0,camera1
1584693306,0,camera1
1584693606,0,camera1
1584693906,0,camera1
1584694206,0,camera1
1584694505,0,camera1
1584694806,0,camera1
1584695106,0,camera1
1584695406,0,camera1
1584695706,0,camera1
1584696006,0,camera1
1584696306,0,camera1
1584696606,0,camera1
1584696906,0,camera1
1584697206,0,camera1
1584697506,0,camera1
1584697806,0,camera1
1584698106,0,camera1
1584698406,0,camera1
1584698706,0,camera1
1584699306,0,camera1
1584699606,0,camera1
1584699906,0,camera1
1584700206,0,camera1
1584700506,0,camera1
1584700806,0,camera1
1584701106,0,camera1
1584701406,0,camera1
1584701706,0,camera1
1584702006,0,camera1
1584702306,0,camera1
1584702605,0,camera1
1584702906,0,camera1
1584703206,0,camera1
1584703506,0,camera1
1584703806,0,camera1
1584704106,0,camera1
1584704406,0,camera1
1584704705,0,camera1
1584705006,0,camera1
1584705306,0,camera1
1584705606,0,camera1
1584705906,0,camera1
1584706206,0,camera1
1584706506,0,camera1
1584706806,0,camera1
1584707106,0,camera1
1584707406,0,camera1
1584707706,0,camera1
1584708006,0,camera1
1584708306,0,camera1
1584708606,0,camera1
1584708906,0,camera1
1584709206,0,camera1
1584709505,0,camera1
1584709806,0,camera1
1584710106,0,camera1
1584710405,0,camera1
1584710706,0,camera1
1584711006,0,camera1
1584711306,0,camera1
1584711605,0,camera1
1584711906,0,camera1
1584712206,0,camera1
1584712505,0,camera1
1584712805,0,camera1
1584713106,0,camera1
1584713406,0,camera1
1584713706,0,camera1
1584714005,0,camera1
1584714305,0,camera1
1584714606,0,camera1
1584714906,0,camera1
1584715206,0,camera1
1584715505,0,camera1
1584715806,0,camera1
1584716106,0,camera1
1584716406,0,camera1
1584716706,0,camera1
1584717005,0,camera1
1584717306,0,camera1
1584717606,0,camera1
1584717906,0,camera1
1584718206,0,camera1
1584718506,0,camera1
1584718806,0,camera1
1584719106,0,camera1
1584719405,0,camera1
1584719706,0,camera1
1584720006,0,camera1
1584720306,0,camera1
1584720606,0,camera1
1584720905,0,camera1
1584721506,0,camera1
1584721806,0,camera1
1584722106,0,camera1
1584722406,0,camera1
1584722706,0,camera1
1584723006,0,camera1
1584723306,0,camera1
1584723606,0,camera1
1584723906,0,camera1
1584724206,1,camera1
1584724506,2,camera1
1584724806,0,camera1
1584725106,1,camera1
1584725406,0,camera1
1584725706,0,camera1
1584726006,0,camera1
1584726306,0,camera1
1584726606,0,camera1
1584726906,0,camera1
1584946806,0,camera1
1584947106,0,camera1
1584947406,0,camera1
1584947706,0,camera1
1584948006,0,camera1
1584948306,0,camera1
1584948606,0,camera1
1584948906,0,camera1
1584949206,0,camera1
1584949505,0,camera1
1584949806,0,camera1
1584950106,0,camera1
1584950406,0,camera1
1584950706,0,camera1
1584951006,0,camera1
1584951306,0,camera1
1584951606,0,camera1
1584951906,0,camera1
1584952206,0,camera1
1584952506,0,camera1
1584952806,0,camera1
1584953106,0,camera1
1584953406,0,camera1
1584953706,0,camera1
1584954006,0,camera1
1584954306,0,camera1
1584954606,0,camera1
1584954906,0,camera1
1584955206,0,camera1
1584955506,0,camera1
1584955806,0,camera1
1584956106,0,camera1
1584956406,0,camera1
1584956706,0,camera1
1584957005,0,camera1
1584957306,0,camera1
1584957606,0,camera1
1584957905,0,camera1
1584958206,0,camera1
1584958506,0,camera1
1584958806,0,camera1
1584959106,0,camera1
1584959406,0,camera1
1584959706,0,camera1
1584960006,1,camera1
1584960306,0,camera1
1584960606,0,camera1
1584960906,0,camera1
1584961206,0,camera1
1584961506,1,camera1
1584961806,0,camera1
1584962105,0,camera1
1584962405,0,camera1
1584962706,0,camera1
1584963006,0,camera1
1584963305,0,camera1
1584963606,0,camera1
1584963906,0,camera1
1584964206,0,camera1
1584964505,0,camera1
1584964806,0,camera1
1584965105,0,camera1
1584965406,0,camera1
1584965705,0,camera1
1584966006,0,camera1
1584966306,0,camera1
1584966606,0,camera1
1584966906,0,camera1
1584967206,0,camera1
1584967506,0,camera1
1584967806,0,camera1
1584968106,0,camera1
1584968406,0,camera1
1584968705,0,camera1
1584969005,0,camera1
1584969305,0,camera1
1584969606,0,camera1
1584969906,0,camera1
1584970206,0,camera1
1584970506,0,camera1
1584970805,0,camera1
1584971106,0,camera1
1584971406,0,camera1
1584971704,0,camera1
1584972005,0,camera1
1584972306,0,camera1
1584972606,0,camera1
1584972906,0,camera1
1584973205,0,camera1
1584973506,0,camera1
1584973806,0,camera1
1584974106,0,camera1
1584974406,0,camera1
1584974706,0,camera1
1584975006,0,camera1
1584975305,0,camera1
1584975606,0,camera1
1584975906,0,camera1
1584976206,0,camera1
1584976505,0,camera1
1584976806,0,camera1
1584977106,0,camera1
1584977406,0,camera1
1584977706,0,camera1
1584978006,0,camera1
1584978305,0,camera1
1584978606,0,camera1
1584978905,0,camera1
1584979205,0,camera1
1584979506,0,camera1
1584979806,0,camera1
1584980106,0,camera1
1584980406,0,camera1
1584980706,0,camera1
1584981006,0,camera1
1584981306,0,camera1
1584981605,0,camera1
1584981906,0,camera1
1584982206,0,camera1
1584982506,0,camera1
1584982806,0,camera1
1584983106,0,camera1
1584983406,0,camera1
1584983706,0,camera1
1584984005,0,camera1
1584984306,1,camera1
1584984606,1,camera1
1584984905,1,camera1
1584985206,0,camera1
1584985506,0,camera1
1584985806,0,camera1
1584986106,0,camera1
1585033206,0,camera1
1585033506,0,camera1
1585033806,0,camera1
1585034105,0,camera1
1585034406,0,camera1
1585034706,0,camera1
1585035005,0,camera1
1585035305,0,camera1
1585035606,0,camera1
1585035906,0,camera1
1585036206,0,camera1
1585036506,0,camera1
1585036806,0,camera1
1585037105,0,camera1
1585037406,0,camera1
1585037706,0,camera1
1585038006,0,camera1
1585038306,0,camera1
1585038606,0,camera1
1585038906,0,camera1
1585039206,0,camera1
1585039506,0,camera1
1585039806,0,camera1
1585040106,0,camera1
1585040406,0,camera1
1585040706,0,camera1
1585041005,0,camera1
1585041306,0,camera1
1585041606,0,camera1
1585041906,0,camera1
1585042205,0,camera1
1585042506,0,camera1
1585042806,0,camera1
1585043106,0,camera1
1585043405,0,camera1
1585043704,0,camera1
1585044006,0,camera1
1585044306,0,camera1
1585044606,0,camera1
1585044906,0,camera1
1585045205,0,camera1
1585045506,0,camera1
1585045805,0,camera1
1585046105,0,camera1
1585046405,0,camera1
1585046706,0,camera1
1585047006,0,camera1
1585047306,0,camera1
1585047606,0,camera1
1585047906,0,camera1
1585048206,0,camera1
1585048506,0,camera1
1585048806,0,camera1
1585049105,0,camera1
1585049406,0,camera1
1585049706,0,camera1
1585050005,0,camera1
1585050306,0,camera1
1585050606,0,camera1
1585050905,0,camera1
1585051206,0,camera1
1585051506,0,camera1
1585051805,0,camera1
1585052106,0,camera1
1585052406,0,camera1
1585052704,0,camera1
1585053006,0,camera1
1585053306,0,camera1
1585053606,0,camera1
1585053906,0,camera1
1585054206,0,camera1
1585054506,0,camera1
1585054806,0,camera1
1585055106,0,camera1
1585055406,0,camera1
1585055706,0,camera1
1585056006,0,camera1
1585056306,0,camera1
1585056606,0,camera1
1585056905,0,camera1
1585057206,0,camera1
1585057506,0,camera1
1585057806,0,camera1
1585058106,0,camera1
1585058406,0,camera1
1585058706,0,camera1
1585059006,0,camera1
1585059306,0,camera1
1585059606,0,camera1
1585059906,0,camera1
1585060205,0,camera1
1585060505,0,camera1
1585060806,0,camera1
1585061106,0,camera1
1585061406,0,camera1
1585061706,0,camera1
1585062006,0,camera1
1585062305,0,camera1
1585062606,0,camera1
1585062906,0,camera1
1585063206,0,camera1
1585063506,0,camera1
1585063805,0,camera1
1585064106,0,camera1
1585064405,0,camera1
1585064706,0,camera1
1585065006,0,camera1
1585065306,0,camera1
1585065606,0,camera1
1585065906,0,camera1
1585066206,0,camera1
1585066506,0,camera1
1585066806,0,camera1
1585067106,0,camera1
1585067406,1,camera1
1585067706,1,camera1
1585068006,1,camera1
1585068306,0,camera1
1585068606,1,camera1
1585068906,1,camera1
1585069206,0,camera1
1585069506,1,camera1
1585069806,0,camera1
1585070106,0,camera1
1585070406,0,camera1
1585070706,0,camera1
1585071006,0,camera1
1585071305,0,camera1
1585071606,0,camera1
1585071905,0,camera1
1585072206,0,camera1
1585072506,0,camera1
1585119606,0,camera1
1585119906,0,camera1
1585120205,0,camera1
1585120506,0,camera1
1585120806,0,camera1
1585121105,0,camera1
1585121405,0,camera1
1585121706,1,camera1
1585122006,0,camera1
1585122306,1,camera1
1585122606,0,camera1
1585122906,0,camera1
1585123206,0,camera1
1585123506,1,camera1
1585123806,1,camera1
1585124106,1,camera1
1585124405,0,camera1
1585124706,0,camera1
1585125006,0,camera1
1585125306,1,camera1
1585125606,1,camera1
1585125906,0,camera1
1585126206,0,camera1
1585126506,0,camera1
1585126806,0,camera1
1585127106,0,camera1
1585127406,0,camera1
1585127705,0,camera1
1585128006,0,camera1
1585128306,0,camera1
1585128606,0,camera1
1585128906,0,camera1
1585129206,0,camera1
1585129506,0,camera1
1585129806,0,camera1
1585130106,0,camera1
1585130406,0,camera1
1585130705,0,camera1
1585131006,0,camera1
1585131306,0,camera1
1585131606,0,camera1
1585131906,0,camera1
1585132206,0,camera1
1585132506,0,camera1
1585132806,0,camera1
1585133106,0,camera1
1585133406,0,camera1
1585133706,0,camera1
1585134006,0,camera1
1585134306,0,camera1
1585134606,0,camera1
1585134906,0,camera1
1585135206,0,camera1
1585135506,0,camera1
1585135806,0,camera1
1585136106,0,camera1
1585136406,0,camera1
1585136706,0,camera1
1585137005,0,camera1
1585137306,0,camera1
1585137606,0,camera1
1585137906,0,camera1
1585138205,0,camera1
1585138506,0,camera1
1585138806,0,camera1
1585139105,0,camera1
1585139406,0,camera1
1585139706,0,camera1
1585140006,0,camera1
1585140305,0,camera1
1585140606,0,camera1
1585140906,0,camera1
1585141206,0,camera1
1585141506,0,camera1
1585141806,0,camera1
1585142106,0,camera1
1585142406,0,camera1
1585142706,0,camera1
1585143006,0,camera1
1585143306,0,camera1
1585143606,0,camera1
1585143906,0,camera1
1585144206,0,camera1
1585144506,0,camera1
1585144806,0,camera1
1585145106,0,camera1
1585145404,0,camera1
1585145706,0,camera1
1585146006,0,camera1
1585146306,0,camera1
1585146605,0,camera1
1585146906,0,camera1
1585147206,0,camera1
1585147506,0,camera1
1585147806,0,camera1
1585148106,0,camera1
1585148406,0,camera1
1585148706,0,camera1
1585149006,0,camera1
1585149306,0,camera1
1585149606,0,camera1
1585149905,0,camera1
1585150206,0,camera1
1585150506,0,camera1
1585150806,0,camera1
1585151105,0,camera1
1585151406,0,camera1
1585151706,0,camera1
1585152006,0,camera1
1585152306,0,camera1
1585152606,0,camera1
1585152906,0,camera1
1585153206,0,camera1
1585153506,1,camera1
1585153806,1,camera1
1585154106,1,camera1
1585154405,0,camera1
1585154706,0,camera1
1585155006,1,camera1
1585155306,1,camera1
1585155606,0,camera1
1585155905,0,camera1
1585156206,0,camera1
1585156506,0,camera1
1585156806,0,camera1
1585157106,0,camera1
1585157406,0,camera1
1585157705,0,camera1
1585158006,0,camera1
1585158306,0,camera1
1585158606,0,camera1
1585158906,0,camera1
1585206006,0,camera1
1585206306,0,camera1
1585206606,0,camera1
1585206906,0,camera1
1585207206,0,camera1
1585207506,0,camera1
1585207806,0,camera1
1585208105,0,camera1
1585208406,0,camera1
1585208706,0,camera1
1585209006,0,camera1
1585209306,0,camera1
1585209606,0,camera1
1585209906,0,camera1
1585210206,0,camera1
1585210505,0,camera1
1585210806,0,camera1
1585211106,0,camera1
1585211406,0,camera1
1585211706,0,camera1
1585212006,0,camera1
1585212305,0,camera1
1585212606,0,camera1
1585212906,0,camera1
1585213206,0,camera1
1585213506,0,camera1
1585213806,0,camera1
1585214106,0,camera1
1585214406,0,camera1
1585214706,0,camera1
1585215006,0,camera1
1585215305,0,camera1
1585215606,0,camera1
1585215905,0,camera1
1585216206,0,camera1
1585216506,0,camera1
1585216806,0,camera1
1585217105,0,camera1
1585217406,0,camera1
1585217706,0,camera1
1585218006,0,camera1
1585218306,0,camera1
1585218606,0,camera1
1585218906,0,camera1
1585219206,0,camera1
1585219506,0,camera1
1585219805,0,camera1
1585220106,0,camera1
1585220406,0,camera1
1585220706,0,camera1
1585221006,0,camera1
1585221306,0,camera1
1585221606,0,camera1
1585221906,0,camera1
1585222206,0,camera1
1585222506,0,camera1
1585222806,0,camera1
1585223106,0,camera1
1585223406,0,camera1
1585223706,0,camera1
1585224006,0,camera1
1585224306,0,camera1
1585224606,0,camera1
1585224906,0,camera1
1585225206,0,camera1
1585225506,0,camera1
1585225806,0,camera1
1585226106,0,camera1
1585226406,0,camera1
1585226706,0,camera1
1585227006,0,camera1
1585227306,0,camera1
1585227605,0,camera1
1585227906,0,camera1
1585228206,0,camera1
1585228505,0,camera1
1585228806,0,camera1
1585229106,0,camera1
1585229406,0,camera1
1585229706,0,camera1
1585230006,0,camera1
1585230306,0,camera1
1585230606,0,camera1
1585230906,0,camera1
1585231206,0,camera1
1585231506,0,camera1
1585231806,0,camera1
1585232106,0,camera1
1585232406,0,camera1
1585232706,0,camera1
1585233006,0,camera1
1585233306,0,camera1
1585233606,0,camera1
1585233906,0,camera1
1585234205,0,camera1
1585234506,0,camera1
1585234806,0,camera1
1585235106,0,camera1
1585235406,0,camera1
1585235705,0,camera1
1585236006,0,camera1
1585236306,0,camera1
1585236605,0,camera1
1585236906,0,camera1
1585237206,0,camera1
1585237506,0,camera1
1585237805,1,camera1
1585238106,1,camera1
1585238406,1,camera1
1585238706,0,camera1
1585239006,1,camera1
1585239306,0,camera1
1585239606,1,camera1
1585239906,0,camera1
1585240206,0,camera1
1585240505,0,camera1
1585240806,1,camera1
1585241106,0,camera1
1585241405,0,camera1
1585241706,0,camera1
1585242006,0,camera1
1585242306,0,camera1
1585242606,0,camera1
1585242906,0,camera1
1585243206,0,camera1
1585243506,0,camera1
1585243805,0,camera1
1585244105,0,camera1
1585244406,0,camera1
1585244706,0,camera1
1585245006,0,camera1
1585245306,0,camera1
1585292406,0,camera1
1585292706,0,camera1
1585293006,0,camera1
1585293306,0,camera1
1585293606,0,camera1
1585293906,0,camera1
1585294206,0,camera1
1585294506,0,camera1
1585294806,0,camera1
1585295106,0,camera1
1585295406,0,camera1
1585295706,0,camera1
1585296006,0,camera1
1585296306,0,camera1
1585296606,0,camera1
1585296905,0,camera1
1585297205,0,camera1
1585297506,0,camera1
1585297805,0,camera1
1585298106,0,camera1
1585298406,0,camera1
1585298706,0,camera1
1585299006,0,camera1
1585299306,0,camera1
1585299605,0,camera1
1585299906,0,camera1
1585300206,0,camera1
1585300506,0,camera1
1585300805,0,camera1
1585301105,0,camera1
1585301405,0,camera1
1585301706,0,camera1
1585302006,0,camera1
1585302306,0,camera1
1585302606,0,camera1
1585302906,0,camera1
1585303206,0,camera1
1585303506,0,camera1
1585303806,0,camera1
1585304106,0,camera1
1585304406,0,camera1
1585304706,0,camera1
1585305006,0,camera1
1585305306,0,camera1
1585305606,0,camera1
1585305906,0,camera1
1585306206,0,camera1
1585306506,0,camera1
1585306806,0,camera1
1585307106,0,camera1
1585307406,0,camera1
1585307706,0,camera1
1585308006,0,camera1
1585308306,0,camera1
1585308606,0,camera1
1585308906,0,camera1
1585309206,0,camera1
1585309506,0,camera1
1585309806,0,camera1
1585310106,0,camera1
1585310406,0,camera1
1585310706,0,camera1
1585311006,0,camera1
1585311306,0,camera1
1585311606,0,camera1
1585311906,0,camera1
1585312206,0,camera1
1585312506,0,camera1
1585312806,0,camera1
1585313105,0,camera1
1585313405,0,camera1
1585313706,0,camera1
1585314005,0,camera1
1585314306,0,camera1
1585314605,0,camera1
1585314906,0,camera1
1585315206,0,camera1
1585315505,0,camera1
1585315806,0,camera1
1585316106,0,camera1
1585316405,0,camera1
1585316706,0,camera1
1585317006,0,camera1
1585317306,0,camera1
1585317606,0,camera1
1585317906,0,camera1
1585318206,0,camera1
1585318506,0,camera1
1585318806,0,camera1
1585319106,0,camera1
1585319406,0,camera1
1585319706,0,camera1
1585320005,0,camera1
1585320305,0,camera1
1585320606,0,camera1
1585320906,0,camera1
1585321205,0,camera1
1585321504,0,camera1
1585321805,0,camera1
1585322105,0,camera1
1585322404,0,camera1
1585322705,0,camera1
1585323005,0,camera1
1585323304,0,camera1
1585323605,1,camera1
1585323906,0,camera1
1585324205,0,camera1
1585324505,0,camera1
1585324805,0,camera1
1585325105,0,camera1
1585325406,0,camera1
1585325704,0,camera1
1585326005,0,camera1
1585326305,0,camera1
1585326605,0,camera1
1585326906,0,camera1
1585327205,0,camera1
1585327505,0,camera1
1585327805,1,camera1
1585328106,1,camera1
1585328406,0,camera1
1585328704,1,camera1
1585329006,1,camera1
1585329304,0,camera1
1585329606,0,camera1
1585329904,0,camera1
1585330205,0,camera1
1585330505,0,camera1
1585330805,0,camera1
1585331105,0,camera1
1585331405,0,camera1
1585331705,0,camera1
1585548005,0,camera1
1585548305,0,camera1
1585548605,0,camera1
1585548904,0,camera1
1585549205,0,camera1
1585549505,0,camera1
1585549805,0,camera1
1585550105,0,camera1
1585550405,0,camera1
1585550704,0,camera1
1585551005,0,camera1
1585551305,0,camera1
1585551605,0,camera1
1585551905,0,camera1
1585552204,0,camera1
1585552506,0,camera1
1585552805,0,camera1
1585553104,0,camera1
1585553405,0,camera1
1585553705,0,camera1
1585554005,0,camera1
1585554304,0,camera1
1585554605,0,camera1
1585554906,0,camera1
1585555206,0,camera1
1585555506,0,camera1
1585555805,0,camera1
1585556106,0,camera1
1585556405,0,camera1
1585556704,0,camera1
1585557005,0,camera1
1585557306,0,camera1
1585557605,0,camera1
1585557906,0,camera1
1585558205,0,camera1
1585558505,0,camera1
1585558805,0,camera1
1585559105,0,camera1
1585559405,0,camera1
1585559704,0,camera1
1585560005,0,camera1
1585560305,0,camera1
1585560605,0,camera1
1585560906,0,camera1
1585561205,0,camera1
1585561506,0,camera1
1585561804,0,camera1
1585562105,0,camera1
1585562405,0,camera1
1585562704,0,camera1
1585563005,0,camera1
1585563304,0,camera1
1585563605,0,camera1
1585563905,0,camera1
1585564205,0,camera1
1585564505,0,camera1
1585564804,0,camera1
1585565105,0,camera1
1585565405,0,camera1
1585565706,0,camera1
1585566006,0,camera1
1585566305,0,camera1
1585566605,0,camera1
1585566905,0,camera1
1585567205,0,camera1
1585567505,0,camera1
1585567805,0,camera1
1585568106,0,camera1
1585568405,0,camera1
1585568705,0,camera1
1585569006,0,camera1
1585569305,0,camera1
1585569605,0,camera1
1585569906,0,camera1
1585570205,0,camera1
1585570506,0,camera1
1585570804,0,camera1
1585571105,0,camera1
1585571405,0,camera1
1585571706,0,camera1
1585572005,0,camera1
1585572306,0,camera1
1585572605,0,camera1
1585572905,0,camera1
1585573206,0,camera1
1585573506,0,camera1
1585573805,0,camera1
1585574106,0,camera1
1585574406,0,camera1
1585574705,0,camera1
1585575006,0,camera1
1585575305,0,camera1
1585575604,0,camera1
1585575905,0,camera1
1585576205,0,camera1
1585576504,0,camera1
1585576805,0,camera1
1585577105,0,camera1
1585577405,0,camera1
1585577705,0,camera1
1585578004,0,camera1
1585578305,0,camera1
1585578606,0,camera1
1585578905,0,camera1
1585579205,0,camera1
1585579504,0,camera1
1585579805,0,camera1
1585580105,0,camera1
1585580405,0,camera1
1585580704,0,camera1
1585581006,0,camera1
1585581305,0,camera1
1585581606,0,camera1
1585581905,0,camera1
1585582205,0,camera1
1585582505,0,camera1
1585582805,0,camera1
1585583104,0,camera1
1585583406,0,camera1
1585583705,0,camera1
1585584005,0,camera1
1585584305,0,camera1
1585584605,0,camera1
1585584906,0,camera1
1585585205,1,camera1
1585585505,1,camera1
1585585805,1,camera1
1585586105,0,camera1
1585586405,1,camera1
1585586705,0,camera1
1585587005,0,camera1
1585587306,0,camera1
1585634404,0,camera1
1585634705,0,camera1
1585635005,0,camera1
1585635306,0,camera1
1585635605,0,camera1
1585635905,0,camera1
1585636205,0,camera1
1585636506,0,camera1
1585636804,0,camera1
1585637106,0,camera1
1585637405,0,camera1
1585637705,0,camera1
1585638004,0,camera1
1585638306,0,camera1
1585638605,0,camera1
1585638905,0,camera1
1585639206,0,camera1
1585639506,0,camera1
1585639805,0,camera1
1585640106,0,camera1
1585640406,0,camera1
1585640706,0,camera1
1585641006,0,camera1
1585641306,0,camera1
1585641606,0,camera1
1585641906,0,camera1
1585642206,0,camera1
1585642506,0,camera1
1585642806,0,camera1
1585643106,0,camera1
1585643406,0,camera1
1585643705,0,camera1
1585644006,0,camera1
1585644306,0,camera1
1585644605,0,camera1
1585644906,0,camera1
1585645205,0,camera1
1585645506,0,camera1
1585645806,0,camera1
1585646105,0,camera1
1585646406,0,camera1
1585646706,0,camera1
1585647005,0,camera1
1585647305,0,camera1
1585647606,0,camera1
1585647906,0,camera1
1585648206,0,camera1
1585648506,0,camera1
1585648806,0,camera1
1585649106,0,camera1
1585649406,0,camera1
1585649706,0,camera1
1585650005,0,camera1
1585650306,0,camera1
1585650606,0,camera1
1585650906,0,camera1
1585651206,0,camera1
1585651506,0,camera1
1585651805,0,camera1
1585652106,0,camera1
1585652406,0,camera1
1585652705,0,camera1
1585653006,0,camera1
1585653305,0,camera1
1585653605,0,camera1
1585653905,0,camera1
1585654205,0,camera1
1585654506,0,camera1
1585654806,0,camera1
1585655106,0,camera1
1585655405,0,camera1
1585655705,0,camera1
1585656006,0,camera1
1585656306,0,camera1
1585656606,0,camera1
1585656906,0,camera1
1585657206,0,camera1
1585657506,0,camera1
1585657806,0,camera1
1585658106,0,camera1
1585658406,0,camera1
1585658705,0,camera1
1585659006,0,camera1
1585659305,0,camera1
1585659605,0,camera1
1585659906,0,camera1
1585660206,0,camera1
1585660505,0,camera1
1585660806,0,camera1
1585661106,0,camera1
1585661406,0,camera1
1585661706,0,camera1
1585662005,0,camera1
1585662605,0,camera1
1585662906,0,camera1
1585663206,0,camera1
1585663506,0,camera1
1585663806,0,camera1
1585664105,0,camera1
1585664406,0,camera1
1585664706,0,camera1
1585665004,0,camera1
1585665306,0,camera1
1585665606,0,camera1
1585665906,0,camera1
1585666205,0,camera1
1585666506,0,camera1
1585666805,0,camera1
1585667106,0,camera1
1585667406,0,camera1
1585667706,0,camera1
1585668006,0,camera1
1585668306,0,camera1
1585668605,0,camera1
1585668906,0,camera1
1585669205,0,camera1
1585669506,0,camera1
1585669804,0,camera1
1585670106,0,camera1
1585670406,0,camera1
1585670705,0,camera1
1585671005,0,camera1
1585671306,0,camera1
1585671606,0,camera1
1585671905,0,camera1
1585672206,0,camera1
1585672506,0,camera1
1585672806,0,camera1
1585673106,0,camera1
1585673406,0,camera1
1585673706,0,camera1
1585720806,0,camera1
1585721106,0,camera1
1585721406,0,camera1
1585721706,0,camera1
1585722006,0,camera1
1585722306,0,camera1
1585722606,0,camera1
1585722905,0,camera1
1585723205,0,camera1
1585723506,0,camera1
1585723806,0,camera1
1585724106,0,camera1
1585724406,0,camera1
1585724705,0,camera1
1585725006,0,camera1
1585725306,0,camera1
1585725606,0,camera1
1585725906,0,camera1
1585726206,0,camera1
1585726506,0,camera1
1585726806,0,camera1
1585727106,0,camera1
1585727406,0,camera1
1585727705,0,camera1
1585728006,0,camera1
1585728306,0,camera1
1585728606,0,camera1
1585728905,0,camera1
1585729206,0,camera1
1585729506,0,camera1
1585729805,0,camera1
1585730106,0,camera1
1585730406,0,camera1
1585730706,0,camera1
1585731006,0,camera1
1585731306,0,camera1
1585731606,0,camera1
1585731906,0,camera1
1585732206,0,camera1
1585732506,0,camera1
1585732805,0,camera1
1602670806,0,camera1
1602671106,0,camera1
1602671406,0,camera1
1602671706,0,camera1
1602672006,0,camera1
1602672306,0,camera1
1602672605,0,camera1
1602672906,0,camera1
1602673206,0,camera1
1602673505,0,camera1
1602673806,0,camera1
1602674106,0,camera1
1602674406,0,camera1
1602674706,0,camera1
1602675007,0,camera1
1602675305,0,camera1
1602675606,0,camera1
1602675906,0,camera1
1602676205,0,camera1
1602676506,0,camera1
1602676806,0,camera1
1602682806,0,camera1
1602683106,0,camera1
1602683406,0,camera1
1602683706,0,camera1
1602684006,0,camera1
1602684306,0,camera1
1602684606,0,camera1
1602684906,0,camera1
1602685206,0,camera1
1602685506,0,camera1
1602685806,0,camera1
1602686106,0,camera1
1602686405,0,camera1
1602686706,0,camera1
1602687006,0,camera1
1602687306,0,camera1
1602687606,0,camera1
1602687906,0,camera1
1602688206,0,camera1
1602688506,0,camera1
1602688806,0,camera1
1602689106,0,camera1
1602689405,0,camera1
1602689705,0,camera1
1602690004,0,camera1
1602690305,0,camera1
1602690604,0,camera1
1602690905,0,camera1
1602691205,0,camera1
1602691504,1,camera1
1602691806,0,camera1
1602692106,0,camera1
1602692405,1,camera1
1602692706,0,camera1
1602693006,0,camera1
1602693305,0,camera1
1602693605,0,camera1
1602693906,0,camera1
1602694206,0,camera1
1602694506,0,camera1
1602741606,0,camera1
1602741906,0,camera1
1602742206,0,camera1
1602742505,0,camera1
1602742806,0,camera1
1602743106,0,camera1
1602743406,0,camera1
1602743706,0,camera1
1602744006,0,camera1
1602744306,0,camera1
1602744606,0,camera1
1602744906,0,camera1
1602745206,0,camera1
1602745505,3,camera1
1602746106,12,camera1
1602746406,11,camera1
1602746706,11,camera1
1602747005,12,camera1
1602747306,12,camera1
1602747606,12,camera1
1602747905,10,camera1
1602748206,11,camera1
1602748506,11,camera1
1602748806,12,camera1
1602749105,10,camera1
1602749406,11,camera1
1602749705,12,camera1
1602750005,12,camera1
1602750306,13,camera1
1602750606,11,camera1
1602750906,0,camera1
1602751206,0,camera1
1602751505,13,camera1
1602751806,12,camera1
1602752106,12,camera1
1602752405,12,camera1
1602752706,11,camera1
1602753006,11,camera1
1602753306,13,camera1
1602753606,13,camera1
1602753906,12,camera1
1602754206,10,camera1
1602754506,12,camera1
1602754806,11,camera1
1602755106,12,camera1
1602755406,12,camera1
1602755706,12,camera1
1602756006,11,camera1
1602756306,9,camera1
1602756606,9,camera1
1602756906,11,camera1
1602757206,12,camera1
1602757506,11,camera1
1602757806,12,camera1
1602758106,0,camera1
1602758406,0,camera1
1602758706,0,camera1
1602759006,0,camera1
1602759306,0,camera1
1602759606,0,camera1
1602759906,0,camera1
1602760206,0,camera1
1602760506,0,camera1
1602760805,0,camera1
1602761106,0,camera1
1602761405,0,camera1
1602761705,0,camera1
1602762006,0,camera1
1602762306,0,camera1
1602762606,4,camera1
1602762906,7,camera1
1602763506,18,camera1
1602763806,18,camera1
1602764105,23,camera1
1602764406,22,camera1
1602764706,23,camera1
1602765006,23,camera1
1602765306,23,camera1
1602765606,23,camera1
1602765905,23,camera1
1602766206,22,camera1
1602766506,22,camera1
1602766806,23,camera1
1602767106,23,camera1
1602767406,22,camera1
1602767706,23,camera1
1602768006,22,camera1
1602768306,23,camera1
1602768606,22,camera1
1602768906,19,camera1
1602769206,4,camera1
1602769506,8,camera1
1602769806,14,camera1
1602770106,23,camera1
1602770406,22,camera1
1602770706,20,camera1
1602771006,23,camera1
1602771305,22,camera1
1602771606,23,camera1
1602771905,22,camera1
1602772206,22,camera1
1602772505,23,camera1
1602772806,22,camera1
1602773106,23,camera1
1602773405,22,camera1
1602773706,22,camera1
1602774006,1,camera1
1602774306,0,camera1
1602774606,0,camera1
1602774906,0,camera1
1602775206,0,camera1
1602775506,0,camera1
1602775806,0,camera1
1602776106,1,camera1
1602776405,0,camera1
1602776706,0,camera1
1602777006,0,camera1
1602777306,0,camera1
1602777606,0,camera1
1602777906,0,camera1
1602778206,0,camera1
1602778506,0,camera1
1602778806,0,camera1
1602779106,0,camera1
1602779407,0,camera1
1602779706,0,camera1
1602780006,0,camera1
1602780306,0,camera1
1602780605,0,camera1
1602780906,0,camera1
1602828006,0,camera1
1602828306,0,camera1
1602828605,0,camera1
1602828905,0,camera1
1602829205,0,camera1
1602829506,0,camera1
1602829806,0,camera1
1602830106,0,camera1
1602830406,0,camera1
1602830706,0,camera1
1602831006,0,camera1
1602831306,0,camera1
1602831606,0,camera1
1602831906,0,camera1
1602832205,0,camera1
1602832506,0,camera1
1602832805,0,camera1
1602833106,0,camera1
1602833406,0,camera1
1602833706,0,camera1
1602834006,0,camera1
1602834306,0,camera1
1602834606,0,camera1
1602834906,0,camera1
1602835206,0,camera1
1602835506,0,camera1
1602835806,0,camera1
1602836106,0,camera1
1602836406,0,camera1
1602836706,0,camera1
1602837006,0,camera1
1602837306,0,camera1
1602837606,0,camera1
1602837906,0,camera1
1602838205,0,camera1
1602838505,0,camera1
1602838806,0,camera1
1602839106,0,camera1
1602839406,0,camera1
1602839706,0,camera1
1602840006,0,camera1
1602840306,0,camera1
1602840606,0,camera1
1602840905,0,camera1
1602841206,0,camera1
1602841505,0,camera1
1602841805,0,camera1
1602842106,0,camera1
1602842405,0,camera1
1602842706,0,camera1
1602843006,0,camera1
1602843306,0,camera1
1602843606,0,camera1
1602843906,0,camera1
1602844206,0,camera1
1602844506,0,camera1
1602844805,0,camera1
1602845106,0,camera1
1602845406,0,camera1
1602845706,0,camera1
1602846006,0,camera1
1602846306,0,camera1
1602846606,0,camera1
1602846905,0,camera1
1602847206,0,camera1
1602847506,0,camera1
1602847806,0,camera1
1602848106,0,camera1
1602848406,0,camera1
1602848706,0,camera1
1602849006,0,camera1
1602849306,0,camera1
1602849604,0,camera1
1602849905,0,camera1
1602850206,0,camera1
1602850506,0,camera1
1602850806,0,camera1
1602851106,0,camera1
1602851406,0,camera1
1602851706,0,camera1
1602852006,0,camera1
1602852306,0,camera1
1602852606,0,camera1
1602852906,0,camera1
1602853206,0,camera1
1602853505,0,camera1
1602853805,0,camera1
1602854105,0,camera1
1602854405,0,camera1
1602854706,0,camera1
1602855006,0,camera1
1602855306,0,camera1
1602855605,0,camera1
1602855906,0,camera1
1602856206,0,camera1
1602856506,0,camera1
1602856805,0,camera1
1602857105,0,camera1
1602857405,0,camera1
1602857704,0,camera1
1602858005,0,camera1
1602858306,0,camera1
1602858606,0,camera1
1602858906,0,camera1
1602859206,0,camera1
1602859505,0,camera1
1602859806,0,camera1
1602860106,0,camera1
1602860406,0,camera1
1602860706,0,camera1
1602861006,0,camera1
1602861305,0,camera1
1602861606,0,camera1
1602861906,0,camera1
1602862206,0,camera1
1602862506,0,camera1
1602862806,0,camera1
1602863105,0,camera1
1602863406,0,camera1
1602863705,0,camera1
1602864006,0,camera1
1602864306,0,camera1
1602864606,0,camera1
1602864906,0,camera1
1602865206,0,camera1
1602865506,0,camera1
1602865806,0,camera1
1602866106,1,camera1
1602866406,0,camera1
1602866705,0,camera1
1602867006,0,camera1
1602867306,0,camera1
